q,CVMe,CTMe,CM,IM
0,,inf,,
1,100.0,275.0,100.0,200.0
2,90.0,177.5,80.0,200.0
3,76.67,135.0,50.0,200.0
4,76.25,120.0,75.0,200.0
5,81.0,116.0,100.0,200.0
6,88.33,117.5,125.0,200.0
7,97.14,122.14285714285714,150.0,200.0
8,106.88,128.75,175.0,200.0
9,117.22,136.66666666666666,200.0,200.0
10,128.5,146.0,230.0,200.0
