Producto,Precio Promedio 2020,Precio Promedio 2021
Pan de Agua,16.916666666666668,23.666666666666668
Pan de Mantequilla y Jamón,20.0,33.333333333333336
Pan de Ajo,18.833333333333332,25.166666666666668
